"Port","Protocol","Hits","Average.Request.Size.Bytes","Attack.Window.Seconds","Average.Attacker.Payload.Entropy.Bits","Target.Honeypot.Server.OS","Attack.Source.IP.Address.Count","Average.ping.to.attacking.IP.milliseconds","Average.ping.variability","Individual.URLs.requested","Source.OS.Detected","Source.Port.Range","Source.IP.Type.Detected","IP.Range.Trust.Score","APT"
25,"UDP",26512640,3281,10305,12.21103763,"MacOS (All)",73,357.4,150.1249487,0,"Windows Server 2008",">8192","IPv6 (Unknown)",NA,"No"
443,"TCP",93757,4285,13625,10.76766281,"Windows (Desktops)",87,63.4,3.765946528,82,"MacOS (Unknown)",">8192","Standard ISP",-1.989070757,"Yes"
993,"TCP",6669209,3005,8265,9.837771338,"MacOS (All)",31,75.6,6.435776971,0,"Linux (2.6.3)","","Standard ISP",NA,"No"
443,"UDP",68848,3302,17596,9.142416418,"MacOS (All)",122,287.4,86.68456534,57,"Windows 10",">8192","Standard ISP",NA,"No"
25,"TCP",497506,3142,11611,9.966701011,"MacOS (All)",13,31.4,8.011007355,0,"MacOS (Unknown)",">8192","IPv6 (Unknown)",NA,"No"
25,"TCP",21421317,3210,13312,9.455318688,"Windows (Desktops)",198,24.8,11.13209797,0,"Windows 10",">8192","Standard ISP",NA,"No"
993,"TCP",34396196,3518,14169,7.636366967,"MacOS (All)",6,149.4,48.38342477,0,"MacOS (Unknown)","","Standard ISP",NA,"No"
993,"TCP",1820385,1577,6020,10.05081606,"MacOS (All)",124,367,33.4951955,0,"Windows 10",">8192","Standard ISP",NA,"No"
443,"TCP",16777876,4734,21083,10.15390015,"Windows (Desktops)",2,19,1.704351806,1,"Windows 10",">8192","Standard ISP",NA,"Yes"
443,"TCP",20534179,4037,14243,13.31954861,"Windows (Desktops)",62,227.8,49.5089798,55,"MacOS (Unknown)","4096-8192","Standard ISP",NA,"Yes"
443,"TCP",23812435,1720,7886,6.585298309,"Windows (Desktops)",60,342.2,2.94700863,9,"MacOS (Unknown)","","Suspected Proxy/VPN",3.468319119,"Yes"
80,"TCP",4696604,2631,11130,8.120820341,"Windows (Desktops)",33,14.4,5.14521219,14,"Windows 10","","Suspected Proxy/VPN",NA,"Yes"
443,"UDP",25247744,3978,14272,14.29580681,"Windows (Desktops)",95,110,31.80212939,27,"Linux (>4.0)",">8192","Standard ISP",NA,"Yes"
25,"TCP",15846048,2219,12866,10.04850319,"Windows (Desktops)",127,47.6,4.049132782,0,"MacOS (Unknown)","4096-8192","Suspected Proxy/VPN",NA,"No"
80,"TCP",14860719,2118,8636,7.325098916,"Windows (Desktops)",1,41.2,8.163172018,80,"Linux (2.6.3)","1024-4096","Suspected Proxy/VPN",NA,"Yes"
80,"TCP",7710342,3307,18977,8.870076369,"Windows (Desktops)",31,238.2,25.43938208,66,"MacOS (Unknown)",">8192","Standard ISP",NA,"Yes"
993,"TCP",20064873,3463,10587,8.426349432,"MacOS (All)",51,13.8,2.313095033,0,"MacOS (Unknown)",">8192","IPv6 (Unknown)",-2.467000515,"No"
80,"TCP",7301028,3156,16088,7.631976852,"MacOS (All)",120,152.2,4.23201827,35,"Windows 10","4096-8192","Standard ISP",0.463159562,"Yes"
25,"UDP",13054880,3187,17402,11.6661687,"MacOS (All)",141,92.2,33.60142149,0,"Windows 10",">8192","Standard ISP",NA,"No"
80,"TCP",15613036,3512,14262,10.5224155,"MacOS (All)",154,162.2,20.63139294,28,"Windows 10","4096-8192","Standard ISP",NA,"Yes"
80,"TCP",17694117,1735,11053,5.35917923,"Windows (Desktops)",84,15.6,2.17073132,57,"MacOS (Unknown)","4096-8192","Suspected Proxy/VPN",NA,"Yes"
80,"TCP",8925201,3314,19154,7.945426322,"Windows (Desktops)",110,135,36.64987067,37,"MacOS (Unknown)","","Suspected Proxy/VPN",NA,"Yes"
25,"TCP",3422990,2337,11990,10.02777506,"Windows (Desktops)",56,176.2,21.09169768,0,"MacOS (Unknown)","","Standard ISP",NA,"No"
993,"TCP",8277153,1808,7270,10.13836072,"MacOS (All)",189,37.2,11.30149964,0,"Linux (2.6.3)",">8192","Standard ISP",NA,"No"
443,"TCP",3824456,2634,9571,8.968761527,"Windows (Desktops)",69,7.2,2.723369938,81,"MacOS (Unknown)","4096-8192","Standard ISP",0.978001945,"Yes"
443,"UDP",20862943,2701,9397,6.396291789,"Windows (Desktops)",90,82,33.56592458,43,"MacOS (Unknown)","","Standard ISP",NA,"No"
25,"TCP",9639381,2961,9436,10.13247762,"MacOS (All)",118,222,57.70216597,0,"Windows 10",">8192","Standard ISP",NA,"No"
80,"TCP",1646430,3730,10738,9.482843667,"Windows (Desktops)",43,96.6,14.49269143,30,"MacOS (Unknown)",">8192","Standard ISP",NA,"Yes"
443,"TCP",6950432,4702,27193,10.69348617,"Windows (Desktops)",63,16.6,2.91937962,64,"Linux (>4.0)",">8192","Standard ISP",NA,"Yes"
80,"TCP",21451508,3220,10163,12.67212924,"Windows (Desktops)",136,8.4,1.872393726,9,"Linux (2.6.3)",">8192","Standard ISP",1.244938202,"Yes"
443,"TCP",9312505,1640,9105,5.23270522,"MacOS (All)",-1,99999,3.118249623,47,"Linux (2.6.3)",">8192","Standard ISP",NA,"Yes"
25,"TCP",15875677,2835,12842,9.461316506,"Windows (Desktops)",80,158.2,26.97900959,0,"Linux (2.6.3)",">8192","Standard ISP",NA,"Yes"
25,"TCP",7085834,2174,7964,11.30754204,"MacOS (All)",4,209,54.8674248,0,"MacOS (Unknown)",">8192","Standard ISP",NA,"No"
25,"TCP",23228778,1232,3776,6.719708342,"Windows (Desktops)",56,164,3.957897462,0,"Windows 10",">8192","Suspected Proxy/VPN",NA,"Yes"
443,"TCP",21930916,2182,4869,8.412461459,"Windows (Desktops)",6,103,26.7470991,87,"Windows 10",">8192","Suspected Proxy/VPN",NA,"Yes"
443,"TCP",19501034,2913,11619,8.547547861,"Windows (Desktops)",18,350.2,80.19982339,3,"MacOS (Unknown)",">8192","Suspected Proxy/VPN",NA,"Yes"
443,"TCP",4274790,3553,8816,8.382269302,"MacOS (All)",178,318.8,7.49219312,27,"MacOS (Unknown)",">8192","IPv6 (Unknown)",NA,"Yes"
25,"TCP",21017898,2976,11609,7.744330303,"MacOS (All)",14,141.4,24.50872879,0,"MacOS (Unknown)",">8192","Standard ISP",NA,"Yes"
25,"TCP",18416323,2473,8063,9.199471715,"Windows (Desktops)",70,463.2,67.90508577,0,"MacOS (Unknown)","1024-4096","Suspected Proxy/VPN",NA,"Yes"
443,"TCP",10120423,4957,25208,11.1190608,"Windows (Desktops)",12,68.2,7.798496045,54,"Linux (>4.0)","","Standard ISP",NA,"Yes"
443,"TCP",3423016,3606,10377,9.222200928,"MacOS (All)",17,429.4,26.25129307,62,"MacOS (Unknown)",">8192","Standard ISP",NA,"Yes"
443,"TCP",14404658,3947,15322,11.95697018,"MacOS (All)",23,64.8,13.53966772,99,"Windows 10","","IPv6 (Unknown)",-3.139238479,"Yes"
25,"TCP",1993326,2327,6008,10.35144319,"Windows (Desktops)",33,14.4,3.732896436,0,"MacOS (Unknown)","","Standard ISP",NA,"No"
25,"TCP",10278109,3210,17230,10.73603519,"Windows (Desktops)",2,66.8,20.41766495,0,"Windows 10",">8192","Standard ISP",NA,"Yes"
443,"TCP",21920376,3491,12481,12.43904126,"MacOS (All)",207,199.4,43.80290858,12,"Linux (>4.0)","4096-8192","IPv6 (Unknown)",-0.827988584,"No"
443,"TCP",10173796,4082,16607,9.881250814,"Windows (Desktops)",168,67.4,21.68330208,42,"Windows 10","","Standard ISP",NA,"Yes"
443,"TCP",9096149,4359,20314,13.79840492,"Windows (Desktops)",150,54.8,11.80537812,11,"Windows 10",">8192","Standard ISP",NA,"Yes"
80,"TCP",13194305,2133,10696,7.666823175,"Windows (Desktops)",3,204.4,9.013917777,7,"MacOS (Unknown)",">8192","Suspected Proxy/VPN",NA,"Yes"
443,"UDP",26259820,3904,17173,14.76880594,"Windows (Desktops)",39,70.6,21.6800732,31,"Windows 10","","Standard ISP",-0.092101498,"Yes"
993,"TCP",18339152,3046,13649,9.010689744,"MacOS (All)",276,140.4,28.41384498,0,"Windows 10",">8192","Standard ISP",NA,"No"
443,"TCP",8392062,4576,19265,11.6275977,"Windows (Desktops)",75,84.2,18.77557255,70,"Windows 10",">8192","IPv6 (Unknown)",NA,"Yes"
993,"TCP",7440956,2467,12444,9.997164141,"MacOS (All)",59,87.4,5.790472979,0,"Linux (>4.0)",">8192","Standard ISP",NA,"No"
443,"TCP",28645056,2968,16208,11.58283861,"MacOS (All)",17,165.8,27.48900076,60,"MacOS (Unknown)",">8192","Standard ISP",NA,"Yes"
NA,"TCP",9459807,2566,11713,9.751946071,"MacOS (All)",80,198.6,9.597712186,0,"MacOS (Unknown)",">8192","IPv6 (Unknown)",-0.735844267,"Yes"
443,"UDP",26754064,3955,17823,14.97090984,"Windows (Desktops)",70,97.4,32.99372142,59,"MacOS (Unknown)","","Standard ISP",NA,"Yes"
25,"TCP",16343171,2190,9716,9.382195099,"Windows (Desktops)",234,145,4.752831719,0,"Windows 10","","Suspected Proxy/VPN",NA,"No"
25,"TCP",3081970,2771,9628,11.15209851,"Windows (Desktops)",19,3,2.074406266,0,"Linux (>4.0)","4096-8192","Standard ISP",NA,"No"
25,"UDP",2495007,2630,6930,10.83872807,"Windows (Desktops)",21,138.8,50.53127918,0,"MacOS (Unknown)","4096-8192","Standard ISP",NA,"No"
443,"TCP",6602758,4500,19848,9.989817621,"MacOS (All)",19,479,42.23936853,47,"MacOS (Unknown)",">8192","Standard ISP",NA,"Yes"
443,"TCP",21100111,2102,13477,13.06044551,"Windows (Desktops)",37,91.4,8.092617245,30,"Windows 10","","Standard ISP",NA,"No"
80,"TCP",1606284,3861,22904,10.90323544,"Windows (Desktops)",-1,99999,40.26360439,56,"MacOS (Unknown)",">8192","Standard ISP",NA,"No"
25,"TCP",9449443,2052,13601,9.198158279,"MacOS (All)",71,231,4.094714937,0,"MacOS (Unknown)","","Suspected Proxy/VPN",2.650441609,"No"
443,"TCP",32044253,2769,9840,6.304658739,"MacOS (All)",27,131.8,8.349969193,40,"Linux (2.6.3)",">8192","Suspected Proxy/VPN",NA,"Yes"
25,"TCP",15956494,2618,7326,10.81120111,"Windows (Desktops)",2,95.8,32.76091145,0,"Windows 10","","Standard ISP",NA,"No"
993,"TCP",21318568,3626,18101,8.654338184,"MacOS (All)",146,119.8,3.295399649,0,"Linux (>4.0)",">8192","IPv6 (Unknown)",NA,"No"
443,"TCP",9550168,3950,18474,9.872170173,"Windows (Desktops)",53,143.2,11.65266637,1,"Linux (>4.0)",">8192","Standard ISP",NA,"No"
993,"TCP",16959919,3637,18229,8.978009272,"MacOS (All)",173,146.4,4.664675822,0,"Linux (2.6.3)",">8192","Standard ISP",NA,"No"
25,"TCP",7479254,2524,10471,8.758101431,"Windows (Desktops)",69,408.8,26.32892316,0,"Windows 10",">8192","Standard ISP",NA,"Yes"
443,"TCP",6658886,2647,9058,11.73381093,"Windows (Desktops)",-1,99999,5.283614701,6,"MacOS (Unknown)","","Standard ISP",NA,"No"
443,"TCP",32148696,2294,16579,6.194370387,"Windows (Desktops)",13,25,4.113429482,118,"Linux (2.6.3)","","Suspected Proxy/VPN",NA,"Yes"
993,"TCP",18140082,2210,10237,13.09517616,"MacOS (All)",4,16.4,3.934139595,0,"Linux (>4.0)",">8192","Standard ISP",NA,"No"
993,"TCP",15565557,2822,11311,9.202067399,"MacOS (All)",28,217.6,1.963859922,0,"???","4096-8192","IPv6 (Unknown)",NA,"No"
443,"TCP",23704521,2694,8000,5.597378061,"MacOS (All)",56,155.8,30.23650537,19,"Windows 10","","Standard ISP",NA,"No"
443,"UDP",13855632,4871,13571,15.23077386,"Windows (Desktops)",148,55,17.88644622,28,"MacOS (Unknown)","4096-8192","Standard ISP",NA,"Yes"
25,"TCP",1714681,3310,12593,10.14308805,"MacOS (All)",74,301.8,35.71130768,0,"Windows 10",">8192","Standard ISP",NA,"No"
443,"UDP",19709318,4626,16208,16.63190769,"Windows (Servers)",181,97.4,31.80463058,126,"MacOS (Unknown)","","Standard ISP",NA,"Yes"
25,"TCP",5258774,2123,10742,9.696939554,"MacOS (All)",34,481.6,56.28638476,0,"MacOS (Unknown)","","Standard ISP",NA,"No"
443,"TCP",7649799,3559,8025,9.080813241,"MacOS (All)",29,39.8,3.076142217,54,"Linux (2.6.3)",">8192","Standard ISP",NA,"Yes"
25,"TCP",7064417,2029,6643,9.537651923,"Windows (Desktops)",102,79.4,12.72182579,0,"Linux (2.6.3)",">8192","Standard ISP",NA,"No"
443,"TCP",3842452,4670,27730,9.706546442,"MacOS (All)",5,165,19.19644413,42,"Windows 10",">8192","IPv6 (Unknown)",NA,"Yes"
443,"TCP",18751812,3070,7714,10.08383809,"Windows (Desktops)",80,173.6,17.39111557,19,"Windows 10",">8192","Suspected Proxy/VPN",NA,"Yes"
25,"TCP",12191085,3421,18528,10.45436754,"Windows (Desktops)",76,386.6,48.81783486,0,"Linux (2.6.3)","4096-8192","Standard ISP",-1.323646116,"Yes"
25,"TCP",475007,2909,15416,10.69108207,"MacOS (All)",129,466.6,80.34313341,0,"MacOS (Unknown)","4096-8192","Standard ISP",NA,"No"
25,"TCP",20716596,3664,12897,8.673589937,"MacOS (All)",48,182.2,24.24100932,0,"Linux (>4.0)",">8192","Standard ISP",NA,"No"
443,"UDP",17375541,4307,20713,15.08220195,"Windows (Desktops)",116,4.8,2.762025836,13,"Windows 10",">8192","Standard ISP",NA,"Yes"
80,"TCP",7170789,2846,12173,7.756129543,"MacOS (All)",144,132.8,14.5636747,8,"Windows 10","4096-8192","Standard ISP",NA,"Yes"
25,"TCP",6566930,3137,13240,10.23954775,"MacOS (All)",43,88.2,2.517972983,0,"MacOS (Unknown)","","Standard ISP",NA,"No"
443,"TCP",7106600,4319,17670,12.41804739,"Windows (Desktops)",146,156,24.12092799,92,"MacOS (Unknown)",">8192","Standard ISP",NA,"Yes"
443,"TCP",20966676,3469,14052,11.62576455,"MacOS (All)",57,361.8,59.16044277,48,"MacOS (Unknown)","4096-8192","Standard ISP",NA,"Yes"
443,"TCP",22228324,3454,11795,9.51365539,"Windows (Desktops)",136,63.6,33.25471411,10,"Linux (>4.0)",">8192","Standard ISP",NA,"No"
80,"TCP",11380641,3876,19620,6.87103516,"MacOS (All)",-1,99999,12.44726236,33,"MacOS (Unknown)",">8192","Standard ISP",NA,"Yes"
80,"TCP",4922423,2973,15241,5.62099332,"Linux",290,276.6,54.2053156,54,"MacOS (Unknown)",">8192","Standard ISP",NA,"Yes"
80,"TCP",19916834,2113,8217,7.26156583,"Windows (Desktops)",35,9.2,2.04504941,32,"MacOS (Unknown)","","Suspected Proxy/VPN",NA,"Yes"
80,"TCP",7476265,3713,11772,9.240004802,"Windows (Desktops)",166,71.8,27.66460918,17,"MacOS (Unknown)","","Suspected Proxy/VPN",NA,"Yes"
443,"TCP",6925217,4293,17286,12.30771774,"Windows (Desktops)",111,228.6,37.94266346,93,"Windows 10",">8192","Standard ISP",NA,"Yes"
NA,"TCP",5579168,2689,12378,7.425656446,"Windows (Desktops)",66,183.4,29.02071841,0,"Linux (2.6.3)","","Suspected Proxy/VPN",NA,"Yes"
993,"TCP",18140190,2715,9638,9.41878197,"MacOS (All)",42,47.2,16.37934468,0,"MacOS (Unknown)",">8192","Standard ISP",-0.788725004,"No"
443,"TCP",15361402,2575,10292,8.730940764,"Windows (Desktops)",28,140.2,38.59249313,28,"MacOS (Unknown)",">8192","Suspected Proxy/VPN",NA,"Yes"
443,"UDP",33310425,3695,17368,15.15526255,"Windows (Desktops)",-1,99999,10.3693188,16,"Linux (>4.0)",">8192","Standard ISP",NA,"Yes"
443,"TCP",24254813,2050,5482,7.297315365,"Windows (Desktops)",-1,99999,3.947392018,29,"Windows 10",">8192","Suspected Proxy/VPN",2.77050783,"Yes"
25,"TCP",1594920,1881,9346,10.90585789,"Windows (Desktops)",61,116.8,17.4628638,0,"Windows 10",">8192","Standard ISP",NA,"No"
443,"TCP",7750551,3182,10773,11.24000808,"Windows (Desktops)",32,173.4,11.11593921,65,"Windows 10","","Standard ISP",NA,"No"
25,"TCP",13161765,2181,7669,7.58130832,"MacOS (All)",87,328.8,18.33004278,0,"Windows 10",">8192","Standard ISP",0.532213087,"Yes"
25,"TCP",9348562,3365,13135,10.19176095,"MacOS (All)",16,228.6,38.46077625,0,"MacOS (Unknown)",">8192","Standard ISP",NA,"No"
443,"UDP",28401856,3707,19262,14.05725091,"Windows (Desktops)",32,54,17.43418612,31,"Windows 10","","Standard ISP",NA,"Yes"
80,"TCP",4191869,2712,9307,9.650776944,"Windows (Desktops)",148,235.4,19.97759209,71,"MacOS (Unknown)","","Standard ISP",NA,"Yes"
NA,"TCP",16314676,2888,15372,6.778597013,"Windows (Desktops)",103,82.6,9.972548135,0,"Linux (>4.0)",">8192","Suspected Proxy/VPN",NA,"Yes"
443,"TCP",7191520,4734,19789,11.03513735,"Windows (Desktops)",-1,99999,12.0170282,27,"Linux (>4.0)","","Standard ISP",NA,"Yes"
25,"TCP",24757182,2568,11168,9.048630353,"Windows (Desktops)",1,192.8,68.10727244,0,"Windows Server 2008",">8192","Suspected Proxy/VPN",NA,"Yes"
25,"TCP",3342084,2069,9446,9.370575322,"MacOS (All)",106,357.8,56.03810929,0,"MacOS (Unknown)",">8192","Standard ISP",NA,"No"
NA,"TCP",19206166,1894,9389,4.576777181,"Windows (Desktops)",-1,99999,6.364809529,0,"MacOS (Unknown)","4096-8192","Suspected Proxy/VPN",NA,"Yes"
25,"TCP",23379738,2556,12376,8.2211405,"Windows (Desktops)",70,267.2,8.464406463,0,"Windows 10",">8192","Standard ISP",NA,"No"
443,"TCP",4820106,2317,3688,7.67364999,"MacOS (All)",255,9.6,2.516689239,10,"Linux (>4.0)","","Standard ISP",-2.213717741,"No"
993,"UDP",40562149,2136,11222,8.379387018,"Windows (Desktops)",22,299.2,141.6417733,0,"MacOS (Unknown)","4096-8192","Suspected Proxy/VPN",NA,"No"
443,"UDP",25134990,4243,24587,14.40788998,"Windows (Desktops)",44,279.4,94.92849887,76,"Linux (>4.0)","","IPv6 (Unknown)",NA,"Yes"
443,"TCP",4249735,3069,14044,11.30183955,"Windows (Desktops)",53,288.8,8.646233969,50,"Windows 10","","Standard ISP",NA,"No"
443,"TCP",913963,3416,16703,10.24179397,"Windows (Desktops)",93,193.2,47.42246657,75,"Windows 10","","Standard ISP",-0.626034964,"Yes"
443,"TCP",10428183,3656,17877,10.65524179,"Windows (Desktops)",30,107.8,21.36805337,28,"Linux (2.6.3)","","Standard ISP",0.288852058,"Yes"
443,"TCP",7681994,2560,10120,6.61975,"MacOS (All)",23,45.8,3.361474785,37,"Linux (>4.0)",">8192","Standard ISP",NA,"No"
443,"TCP",6255642,3113,12178,8.856656651,"MacOS (All)",76,32,5.097461072,24,"MacOS (Unknown)",">8192","IPv6 (Unknown)",NA,"No"
80,"TCP",11650117,2823,12332,8.810780233,"Windows (Desktops)",94,150.4,17.11423459,23,"MacOS (Unknown)",">8192","Suspected Proxy/VPN",NA,"Yes"
993,"TCP",5454618,2926,9741,9.834611593,"MacOS (All)",147,145.6,16.11058397,0,"MacOS (Unknown)",">8192","IPv6 (Unknown)",NA,"No"
443,"TCP",4607151,3467,15835,9.376709933,"Windows (Desktops)",210,89.2,17.53429312,72,"MacOS (Unknown)","","IPv6 (Unknown)",NA,"No"
443,"UDP",19510557,4319,17568,14.988274,"Windows (Desktops)",172,142,41.04072354,14,"Linux (2.6.3)","","Standard ISP",NA,"Yes"
443,"TCP",5345420,3280,10707,11.63609025,"Windows (Desktops)",57,253.2,5.679038774,4,"Windows 10","4096-8192","Standard ISP",NA,"No"
25,"TCP",7465178,3065,14905,10.22217559,"Windows (Desktops)",62,300,24.93565162,0,"MacOS (Unknown)","","Standard ISP",NA,"No"
25,"TCP",11465491,3111,9750,10.16777529,"Windows (Desktops)",41,8.2,2.75966518,0,"MacOS (Unknown)","","Standard ISP",-0.470362414,"No"
80,"TCP",7762861,2978,14702,6.966694057,"MacOS (All)",90,133,29.11195896,71,"MacOS (Unknown)","","Standard ISP",NA,"Yes"
443,"UDP",23353999,4201,15447,15.12354521,"Windows (Desktops)",14,143.2,43.82287493,79,"Windows 10",">8192","Standard ISP",NA,"Yes"
993,"TCP",13933738,1999,9250,11.76684707,"Windows (Desktops)",105,89.6,3.474816029,0,"Linux (>4.0)","","Suspected Proxy/VPN",3.694504223,"No"
80,"TCP",14727953,3024,12386,6.086062113,"MacOS (All)",112,270.6,34.75976301,25,"Linux (>4.0)","","Standard ISP",NA,"Yes"
80,"TCP",27359233,2535,11145,13.65578766,"Windows (Servers)",78,343.4,22.70232763,7,"Linux (2.6.3)",">8192","Suspected Proxy/VPN",NA,"No"
80,"TCP",9973213,2898,14882,7.325296227,"MacOS (All)",-1,99999,5.514317992,64,"Linux (2.6.3)",">8192","Suspected Proxy/VPN",NA,"Yes"
443,"TCP",679851,4432,22616,11.93296586,"Windows (Desktops)",128,395.2,40.7467519,74,"MacOS (Unknown)","","Standard ISP",NA,"Yes"
25,"TCP",3614500,2726,9180,10.81749621,"MacOS (All)",212,102.4,4.567281382,0,"Windows 10","1024-4096","Standard ISP",NA,"No"
443,"TCP",18522133,3622,10515,11.52760896,"MacOS (All)",87,38,8.490573011,43,"Windows Server 2008",">8192","Standard ISP",NA,"Yes"
443,"TCP",3053703,4334,18847,9.677942303,"MacOS (All)",14,380.2,24.59180485,27,"MacOS (Unknown)","","Standard ISP",NA,"Yes"
443,"TCP",18426732,3811,22937,12.65656887,"Windows (Desktops)",60,47,9.997764328,139,"Windows 10","","Standard ISP",-0.921824809,"Yes"
443,"TCP",8651635,3724,15560,9.750528055,"MacOS (All)",61,22.6,2.74865243,16,"Linux (2.6.3)",">8192","Standard ISP",-2.040477145,"Yes"
443,"TCP",8344773,3533,13262,8.846456744,"Windows (Desktops)",88,358.6,53.26836138,78,"Linux (2.6.3)",">8192","Standard ISP",NA,"No"
80,"TCP",4072195,3598,14478,9.959648081,"Windows (Desktops)",10,355,9.058112553,60,"Windows 10",">8192","Standard ISP",NA,"Yes"
80,"TCP",22192683,3794,14635,4.541568097,"MacOS (All)",227,169.8,39.32906801,124,"Linux (2.6.3)",">8192","Standard ISP",NA,"Yes"
25,"TCP",2331292,3597,17197,11.74170813,"Windows (Desktops)",32,433.4,116.343729,0,"Windows 10","","Standard ISP",NA,"Yes"
25,"UDP",56405185,3043,15864,18.2421536,"Windows (Desktops)",63,302.2,125.3314628,0,"MacOS (Unknown)","4096-8192","IPv6 (Unknown)",0.797134465,"Yes"
80,"TCP",11104670,2526,13015,6.723331281,"MacOS (All)",62,6.8,2.103292601,19,"Windows 10",">8192","Standard ISP",NA,"Yes"
443,"TCP",10763776,4006,21370,12.75562859,"Windows (Desktops)",59,265.4,30.86575934,30,"Windows 10","","Standard ISP",-1.266402625,"Yes"
25,"TCP",4706618,2449,14812,10.61436788,"MacOS (All)",53,137.6,29.88681987,0,"Linux (2.6.3)",">8192","Standard ISP",NA,"No"
25,"TCP",18666595,2322,12386,8.605474169,"Windows (Desktops)",225,194.8,24.57453799,0,"MacOS (Unknown)","","Suspected Proxy/VPN",NA,"No"
80,"TCP",12436325,1936,8962,6.445135845,"Windows (Desktops)",145,235.8,5.473861235,0,"MacOS (Unknown)","","Suspected Proxy/VPN",NA,"Yes"
25,"UDP",21693728,3182,12627,7.485062473,"Windows (Desktops)",95,157.4,46.46105738,0,"Linux (2.6.3)","1024-4096","Standard ISP",NA,"No"
443,"TCP",13496998,1839,8833,6.894778125,"MacOS (All)",29,250.2,14.90186647,51,"Linux (>4.0)","","Standard ISP",NA,"No"
80,"TCP",870968,4307,12055,9.574531927,"MacOS (All)",63,39.2,2.980332901,20,"MacOS (Unknown)",">8192","Standard ISP",NA,"Yes"
993,"TCP",6386230,1892,6517,12.58878407,"Windows (Desktops)",172,221.4,14.64041839,0,"Windows 10",">8192","Suspected Proxy/VPN",5.104796276,"No"
80,"TCP",23640197,2502,11167,6.982989645,"Windows (Desktops)",3,162.2,23.23352352,56,"MacOS (Unknown)",">8192","Suspected Proxy/VPN",NA,"Yes"
443,"TCP",32534132,3446,20273,14.8236273,"Windows (Desktops)",27,55.8,13.96131823,25,"MacOS (Unknown)",">8192","Standard ISP",NA,"Yes"
443,"TCP",2089598,3867,19282,11.02291138,"Windows (Desktops)",113,218,9.382120618,84,"MacOS (Unknown)","4096-8192","Standard ISP",NA,"Yes"
443,"TCP",590277,4253,17378,9.836829372,"MacOS (All)",63,380.2,33.86619589,42,"Windows 10","4096-8192","Standard ISP",-2.276506753,"Yes"
443,"TCP",800148,4572,16866,12.23546271,"Windows (Desktops)",32,7.8,2.191014496,57,"MacOS (Unknown)","","Standard ISP",NA,"Yes"
443,"UDP",6148561,4956,21150,14.51398188,"Windows (Desktops)",45,156.2,39.02442631,45,"Windows 10","","Standard ISP",NA,"Yes"
25,"TCP",27880802,3444,10015,8.455697972,"MacOS (All)",42,51.4,19.74140524,0,"Windows 10","","Standard ISP",NA,"No"
443,"TCP",346275,3924,17975,9.778866715,"MacOS (All)",117,183.8,9.57459133,8,"Windows 10","","Standard ISP",-1.605965768,"Yes"
443,"TCP",14009928,4960,25184,10.86160617,"Windows (Desktops)",128,187.2,13.79436641,7,"Windows 10","","Standard ISP",NA,"Yes"
443,"TCP",3686275,4331,10250,11.0712017,"Windows (Desktops)",84,172.4,5.399326561,34,"Linux (>4.0)","4096-8192","Standard ISP",NA,"Yes"
25,"TCP",17515783,2020,5045,8.407233097,"Windows (Desktops)",50,131.2,19.90157754,0,"Linux (>4.0)","","Standard ISP",1.547628591,"Yes"
25,"TCP",25809528,1228,4538,4.355701399,"MacOS (All)",109,290.2,34.75616836,0,"MacOS (Unknown)","4096-8192","Standard ISP",1.365817978,"Yes"
25,"TCP",2157023,1908,9452,11.43093066,"MacOS (All)",45,66.2,1.867145899,0,"MacOS (Unknown)",">8192","Suspected Proxy/VPN",NA,"No"
25,"TCP",547076,3473,18190,10.71559914,"Windows (Desktops)",33,44.2,7.419765278,0,"Windows 10",">8192","Standard ISP",-1.127013095,"No"
NA,"TCP",29017178,2746,12526,8.296856145,"MacOS (All)",108,60,17.10401728,0,"MacOS (Unknown)",">8192","Standard ISP",NA,"No"
25,"TCP",12218079,2774,10287,9.613561202,"Windows (Desktops)",45,14.6,4.356140205,0,"MacOS (Unknown)",">8192","Standard ISP",NA,"No"
25,"TCP",10859452,3211,16117,9.375366134,"MacOS (All)",25,242.6,2.574286424,0,"MacOS (Unknown)",">8192","Standard ISP",NA,"No"
443,"TCP",18301627,2320,13545,7.009055631,"Windows (Desktops)",99,364,54.00862458,30,"Linux (2.6.3)","4096-8192","Suspected Proxy/VPN",NA,"Yes"
443,"TCP",4548120,4366,23887,10.33653475,"MacOS (All)",59,80.2,7.576758356,88,"Linux (>4.0)",">8192","Standard ISP",NA,"Yes"
25,"TCP",1154540,2748,12103,10.76605876,"MacOS (All)",73,60,6.216605512,0,"MacOS (Unknown)",">8192","Standard ISP",NA,"No"
443,"TCP",23082969,3897,18539,9.16412425,"Windows (Desktops)",29,181.2,79.63954977,16,"Windows 10","","Standard ISP",NA,"No"
80,"TCP",6425646,3125,15819,10.76230366,"Windows (Desktops)",59,165.8,29.84688414,57,"Windows 10","","Standard ISP",NA,"Yes"
443,"TCP",20992368,2368,10917,8.247899293,"Windows (Desktops)",38,343.4,14.25386728,24,"Windows 10",">8192","Suspected Proxy/VPN",NA,"Yes"
993,"TCP",29495738,1231,5339,9.365585633,"Windows (Desktops)",84,345.6,5.394274051,0,"MacOS (Unknown)","","TOR Exit Node",NA,"No"
443,"TCP",8249623,3525,16743,10.23259221,"MacOS (All)",88,24,4.315720622,32,"MacOS (Unknown)","","Standard ISP",NA,"No"
80,"TCP",8785763,3513,13567,11.62247974,"Windows (Desktops)",160,307,11.10278273,22,"MacOS (Unknown)",">8192","Standard ISP",NA,"No"
443,"TCP",8762865,3471,20470,10.71051546,"Windows (Desktops)",99,88.4,2.013689205,68,"Windows 10","","Standard ISP",NA,"Yes"
443,"TCP",14731986,1865,6003,7.27045964,"Windows (Desktops)",76,308.8,12.65522839,30,"Windows 10","","Suspected Proxy/VPN",NA,"Yes"
993,"TCP",5556181,2476,11074,10.23349299,"MacOS (All)",47,116,11.50153677,0,"Linux (>4.0)",">8192","IPv6 (Unknown)",NA,"No"
443,"TCP",7139827,2943,11035,9.989242336,"Windows (Desktops)",27,55.6,14.72838235,94,"MacOS (Unknown)","","Standard ISP",0.692449439,"No"
80,"TCP",1153202,2556,10848,7.406864864,"Windows (Desktops)",216,74.4,4.142425685,18,"Windows Server 2008",">8192","Suspected Proxy/VPN",1.421194456,"Yes"
80,"TCP",10637322,3982,22971,11.00666971,"Windows (Desktops)",166,270,54.07998055,26,"MacOS (Unknown)",">8192","Standard ISP",NA,"Yes"
443,"TCP",14536933,2931,18535,12.06207933,"Windows (Desktops)",25,123.6,18.78947309,11,"Windows 10","","Standard ISP",NA,"No"
443,"TCP",7413350,2871,13729,10.29213717,"Windows (Desktops)",2,141.6,32.10685514,7,"Windows 10","","Standard ISP",0.538504818,"Yes"
25,"TCP",27393004,1708,7449,8.018281787,"Windows (Desktops)",31,389.2,57.9777956,0,"Windows 10","","Suspected Proxy/VPN",NA,"No"
993,"TCP",5886107,1741,8417,10.30042999,"MacOS (All)",72,175,2.334890007,0,"Windows 10",">8192","Standard ISP",NA,"No"
25,"TCP",25205951,3413,17849,8.888931446,"Windows (Desktops)",24,381.6,113.0883304,0,"Windows 10",">8192","Standard ISP",NA,"No"
443,"TCP",21253425,2135,7652,7.194988559,"Windows (Desktops)",157,257.2,11.20613051,17,"Windows 10",">8192","Suspected Proxy/VPN",NA,"Yes"
80,"TCP",501594,3978,18088,12.02373799,"Windows (Desktops)",145,81.4,23.96074829,74,"???","","Standard ISP",NA,"Yes"
80,"TCP",16514354,2519,9676,8.034216598,"Windows (Desktops)",80,13.8,2.491100235,98,"Windows 10","4096-8192","Suspected Proxy/VPN",NA,"Yes"
80,"TCP",14139405,2803,8502,7.08616771,"Windows (Desktops)",32,226.2,5.2311596,27,"Windows 10",">8192","Suspected Proxy/VPN",NA,"Yes"
80,"TCP",6329476,3158,8419,8.136489502,"MacOS (All)",30,372.6,54.55863147,47,"MacOS (Unknown)",">8192","Standard ISP",NA,"Yes"
25,"TCP",706437,2758,11513,11.1960806,"Windows (Desktops)",21,66.8,11.58203142,0,"Linux (2.6.3)","","Standard ISP",NA,"No"
993,"TCP",9482489,2277,11847,11.88117224,"Windows (Desktops)",5,138.6,11.5374009,0,"MacOS (Unknown)",">8192","Standard ISP",NA,"No"
443,"TCP",4114587,2677,9722,9.626086674,"Windows (Desktops)",81,281.6,11.40921298,23,"Windows 10",">8192","Standard ISP",NA,"Yes"
25,"TCP",23985844,3308,12286,9.147061423,"Windows (Desktops)",198,5.6,3.754365673,0,"MacOS (Unknown)",">8192","Standard ISP",-0.695058057,"No"
443,"TCP",6784020,3682,18161,11.20714975,"Windows (Desktops)",127,87.6,4.211941571,22,"Windows 10","","Standard ISP",NA,"Yes"
443,"TCP",15641907,3265,12211,10.99305417,"MacOS (All)",111,103.4,4.299149533,1,"Windows 10",">8192","Standard ISP",NA,"Yes"
443,"TCP",4395225,4052,20768,9.357135815,"MacOS (All)",77,405.4,40.1143557,1,"MacOS (Unknown)",">8192","IPv6 (Unknown)",-3.105683345,"Yes"
443,"TCP",9253439,2487,6209,9.655268713,"Windows (Desktops)",81,248,48.30976576,45,"Windows 10",">8192","Suspected Proxy/VPN",NA,"Yes"
25,"TCP",377921,2245,8957,9.607419331,"MacOS (All)",20,119.2,9.558315978,0,"Linux (2.6.3)","","Standard ISP",NA,"No"
443,"TCP",14499744,2719,10451,8.477839677,"Windows (Desktops)",86,220,41.49739924,14,"Linux (>4.0)","","Suspected Proxy/VPN",NA,"Yes"
993,"TCP",11289986,2066,5680,10.67400996,"Windows (Desktops)",224,70.6,2.997582429,0,"Linux (>4.0)","","Standard ISP",NA,"No"
443,"TCP",378189,3336,19911,11.72046651,"Windows (Desktops)",200,198,40.7660273,11,"Windows 10",">8192","Suspected Proxy/VPN",NA,"No"
993,"TCP",15420693,3073,16905,9.123200114,"MacOS (All)",55,199.2,15.65596616,0,"Windows 10",">8192","Standard ISP",NA,"No"
80,"TCP",5217813,4259,27101,11.13408147,"Windows (Desktops)",75,71.2,5.849896337,24,"Windows 10",">8192","Standard ISP",NA,"Yes"
80,"TCP",7418630,3915,14766,10.38071534,"Windows (Desktops)",58,63.4,19.07940591,28,"Windows 10","","Standard ISP",NA,"Yes"
993,"TCP",26312904,2031,9139,10.64454383,"Windows (Desktops)",81,336.6,67.36838984,0,"Linux (2.6.3)",">8192","Suspected Proxy/VPN",NA,"No"
25,"TCP",13299091,3450,15841,9.535168444,"MacOS (All)",35,166,2.749158934,0,"Windows 10",">8192","Standard ISP",NA,"No"
443,"TCP",6134009,2918,11649,9.48128594,"Windows (Desktops)",211,125.2,19.95741556,37,"Windows 10","","Standard ISP",NA,"Yes"
443,"UDP",29236055,3453,12869,14.15659419,"Windows (Desktops)",85,306.2,82.20346644,6,"Windows 10",">8192","Standard ISP",NA,"Yes"
993,"TCP",12797173,2181,5666,10.59910699,"Windows (Desktops)",98,79.2,2.387076384,0,"Linux (>4.0)","","Standard ISP",NA,"No"
443,"TCP",666906,3235,13424,10.62506001,"Windows (Desktops)",-1,99999,7.454034077,51,"MacOS (Unknown)",">8192","Standard ISP",NA,"No"
80,"TCP",18362719,2875,11570,8.424489222,"MacOS (All)",53,247,5.268796012,22,"Linux (2.6.3)","4096-8192","Standard ISP",NA,"Yes"
25,"TCP",3287089,2869,11900,10.32803848,"MacOS (All)",48,34.4,5.458936385,0,"Linux (2.6.3)",">8192","Standard ISP",NA,"No"
443,"TCP",19983955,2282,9439,7.117999787,"MacOS (All)",42,399.4,18.51099202,24,"Linux (2.6.3)",">8192","Suspected Proxy/VPN",NA,"Yes"
80,"TCP",14169147,2291,7195,7.510702052,"Windows (Desktops)",62,99,9.275582751,21,"MacOS (Unknown)",">8192","Suspected Proxy/VPN",NA,"Yes"
25,"UDP",45496782,3675,16429,18.36165345,"Windows (Servers)",48,343,142.1898567,0,"Windows 10",">8192","Standard ISP",NA,"Yes"
25,"TCP",1378629,2978,17629,9.497153417,"MacOS (All)",14,150.2,35.51579282,0,"MacOS (Unknown)","","Standard ISP",NA,"No"
25,"TCP",607398,3028,14520,10.88915224,"MacOS (All)",7,165.8,22.2520255,0,"MacOS (Unknown)","4096-8192","Standard ISP",NA,"No"
25,"UDP",18485211,2252,11236,8.445180743,"Windows (Desktops)",112,156.4,41.75534644,0,"MacOS (Unknown)","4096-8192","Suspected Proxy/VPN",NA,"No"
80,"TCP",820592,2962,8178,8.168664459,"Windows (Desktops)",141,200.6,37.1815496,62,"Linux (>4.0)",">8192","Standard ISP",NA,"Yes"
443,"TCP",4495980,3686,16441,9.738837643,"Windows (Desktops)",-1,99999,3.435377689,23,"Windows 10",">8192","Standard ISP",NA,"Yes"
25,"TCP",6415669,3112,12667,10.00804228,"MacOS (All)",7,345.6,11.28721812,0,"MacOS (Unknown)","","Standard ISP",NA,"No"
993,"TCP",19097020,2323,12906,9.790519197,"Windows (Desktops)",203,97,15.9077808,0,"Windows 10",">8192","Standard ISP",NA,"No"
443,"TCP",12049863,4105,24289,8.417998045,"MacOS (All)",104,168,15.71192666,74,"Windows 10","4096-8192","Standard ISP",NA,"Yes"
443,"TCP",11256157,4562,24714,14.79393131,"Windows (Desktops)",127,274.6,63.45673459,48,"Windows 10",">8192","Standard ISP",NA,"Yes"
443,"TCP",1832782,4101,25120,9.835955956,"MacOS (All)",171,145.4,9.472206715,33,"Linux (2.6.3)","4096-8192","Standard ISP",NA,"Yes"
993,"TCP",3544569,2802,9568,10.76906486,"MacOS (All)",46,15.8,1.722567523,0,"MacOS (Unknown)",">8192","Standard ISP",NA,"No"
25,"TCP",2825908,3298,15816,10.56442032,"Windows (Desktops)",43,200.4,3.202025924,0,"Windows 10","4096-8192","Standard ISP",NA,"No"
443,"TCP",5664980,3351,17277,8.889888163,"MacOS (All)",54,361,7.990780471,82,"MacOS (Unknown)",">8192","Standard ISP",NA,"Yes"
25,"UDP",41177802,3825,15057,17.77822557,"Windows (Desktops)",210,144.8,62.24943609,0,"MacOS (Unknown)","","Standard ISP",NA,"Yes"
25,"TCP",607512,3002,11576,10.1228846,"Windows (Desktops)",81,109.6,22.72818882,0,"Linux (2.6.3)",">8192","Standard ISP",NA,"No"
443,"TCP",6348891,3258,12950,10.98377134,"MacOS (All)",3,280.2,46.63834429,50,"MacOS (Unknown)","4096-8192","Standard ISP",NA,"No"
80,"TCP",6730052,3119,11111,8.351336844,"MacOS (All)",227,182.4,18.25665235,2,"MacOS (Unknown)",">8192","Standard ISP",-1.124690222,"Yes"
25,"TCP",9347722,3473,7731,9.980644793,"MacOS (All)",139,137,9.329990447,0,"MacOS (Unknown)",">8192","Standard ISP",NA,"No"
25,"TCP",17250773,2729,10984,8.409279238,"Windows (Desktops)",40,49.6,2.705261975,0,"Windows 10",">8192","Standard ISP",NA,"No"
25,"TCP",21397193,3330,12414,11.28368148,"MacOS (All)",22,21.8,6.16527916,0,"Windows 10","","IPv6 (Unknown)",NA,"No"
25,"TCP",5138360,2834,16810,10.4866989,"Windows (Desktops)",200,157,17.31898972,0,"Linux (2.6.3)","4096-8192","Standard ISP",NA,"No"
80,"TCP",20785870,4714,20942,8.31160054,"Windows (Desktops)",161,17.8,2.91941853,45,"MacOS (Unknown)","1024-4096","Standard ISP",NA,"Yes"
25,"TCP",20472355,3709,17002,9.249744277,"MacOS (All)",-1,99999,30.55936894,0,"MacOS (Unknown)",">8192","Standard ISP",-1.021626006,"No"
25,"TCP",41945064,2007,6254,6.039928222,"Windows (Desktops)",19,258,1.669732115,0,"MacOS (Unknown)",">8192","Suspected Proxy/VPN",NA,"No"
443,"TCP",21332459,3446,16810,13.13354016,"Windows (Desktops)",47,368.2,51.56134372,68,"Windows 10","","Standard ISP",NA,"Yes"
443,"TCP",21950372,2666,14148,8.879712426,"Windows (Desktops)",45,135.2,11.52994673,92,"MacOS (Unknown)",">8192","Suspected Proxy/VPN",NA,"Yes"
80,"TCP",10340260,3280,14029,10.22329914,"Windows (Desktops)",93,47.6,3.048723641,119,"Windows 10","","Standard ISP",NA,"Yes"
443,"TCP",12788747,3577,16490,10.19402098,"Windows (Desktops)",30,274.8,84.34318201,2,"Windows 10","","Standard ISP",NA,"No"
443,"TCP",11795612,2838,9323,8.891222874,"Windows (Desktops)",129,97,7.081016676,18,"MacOS (Unknown)",">8192","Standard ISP",NA,"Yes"
443,"TCP",20411144,3868,14406,14.16769544,"Windows (Desktops)",124,138.6,30.93838001,48,"Windows 10","","Standard ISP",NA,"Yes"
25,"TCP",19728541,2621,12281,8.310141193,"MacOS (All)",119,107.6,20.3810467,0,"Windows 10","","Standard ISP",NA,"No"
443,"UDP",49620149,2539,8828,13.85687685,"MacOS (All)",118,24,7.94015715,54,"Windows 10","","IPv6 (Unknown)",NA,"Yes"
443,"TCP",3087766,3029,10989,11.40902399,"Windows (Desktops)",104,1.2,1.580727662,22,"Windows 10","","Standard ISP",NA,"No"
993,"TCP",1599703,2443,9039,11.24311754,"Windows (Desktops)",98,365,50.39322741,0,"Windows 10","","Standard ISP",NA,"No"
443,"TCP",27047188,2795,12414,12.32605635,"Windows (Desktops)",144,456.2,21.77804601,30,"MacOS (Unknown)","","Standard ISP",NA,"Yes"
25,"TCP",23368509,3428,11564,9.306288473,"Windows (Desktops)",144,20.4,9.762918741,0,"MacOS (Unknown)","","Standard ISP",NA,"No"
993,"UDP",6863077,1566,5311,12.48185155,"Windows (Desktops)",65,116.2,48.30028947,0,"Windows 10","","Suspected Proxy/VPN",NA,"No"
80,"TCP",4823569,3687,19621,8.959289269,"MacOS (All)",21,346.4,16.87457244,102,"Windows 10",">8192","Standard ISP",NA,"Yes"
443,"TCP",18838433,2043,6158,6.320050626,"MacOS (All)",48,198,4.306937048,115,"Linux (2.6.3)","","Suspected Proxy/VPN",NA,"Yes"
443,"TCP",8163667,2549,9366,9.065699667,"MacOS (All)",127,59.6,18.18687243,3,"Linux (>4.0)",">8192","Standard ISP",NA,"Yes"
993,"TCP",22364578,2014,10645,9.471781093,"Windows (Desktops)",42,173.8,6.121704822,0,"MacOS (Unknown)",">8192","Suspected Proxy/VPN",NA,"No"
443,"TCP",16908488,5189,24480,12.31857884,"Windows (Desktops)",37,66.8,4.389890212,59,"Windows 10",">8192","Standard ISP",-1.55991693,"Yes"
25,"TCP",1247951,2890,14865,11.16048643,"Windows (Desktops)",128,58,6.544037797,0,"Linux (>4.0)","","Standard ISP",NA,"No"
443,"TCP",6831017,2301,11032,9.068528712,"Windows (Desktops)",93,124.4,3.718389317,25,"MacOS (Unknown)",">8192","Suspected Proxy/VPN",NA,"Yes"
993,"UDP",3056418,1664,7033,12.16961288,"Windows (Desktops)",122,24.6,10.64944318,0,"Windows 10","","Suspected Proxy/VPN",NA,"No"
443,"UDP",36408764,4106,14873,17.38399508,"Windows (Desktops)",67,23.6,11.08109858,4,"???","","Standard ISP",NA,"Yes"
25,"TCP",13037030,2506,9864,8.497512928,"Windows (Desktops)",58,173.6,11.42940934,0,"Windows 10",">8192","Standard ISP",0.146059461,"No"
80,"TCP",2417613,3685,13710,9.68495297,"Windows (Desktops)",-1,99999,16.11665516,2,"MacOS (Unknown)",">8192","Standard ISP",NA,"Yes"
25,"TCP",5279328,3814,13261,9.784465577,"MacOS (All)",47,346.4,40.45472646,0,"MacOS (Unknown)","","IPv6 (Unknown)",NA,"Yes"
25,"TCP",4436681,2961,14037,11.4511257,"Windows (Desktops)",102,131,16.78748314,0,"Windows 10",">8192","Standard ISP",-1.226301624,"No"
25,"TCP",6304758,3141,7143,10.45126235,"MacOS (All)",19,442.6,10.30544071,0,"Linux (>4.0)","","Standard ISP",NA,"No"
443,"TCP",5074848,3190,19883,9.969135737,"MacOS (All)",99,85,1.436088193,17,"MacOS (Unknown)",">8192","Standard ISP",NA,"No"
993,"TCP",16313476,3475,13915,8.823817564,"MacOS (All)",129,299.8,31.08720351,0,"MacOS (Unknown)",">8192","IPv6 (Unknown)",NA,"No"
25,"TCP",20479880,3592,13144,9.299631671,"MacOS (All)",39,100.8,19.16640785,0,"Linux (2.6.3)",">8192","Standard ISP",-1.32421267,"No"
443,"TCP",43933942,2371,12076,14.64741329,"Windows (Desktops)",85,112.4,17.81713927,37,"Linux (2.6.3)",">8192","Standard ISP",NA,"Yes"
80,"TCP",26214837,3045,11189,11.20525898,"MacOS (All)",20,45.2,6.50283972,18,"MacOS (Unknown)","","Standard ISP",-0.026010873,"Yes"
25,"TCP",11638687,3626,14236,9.880565445,"Windows (Desktops)",76,55.4,7.218381057,0,"MacOS (Unknown)","","Standard ISP",NA,"No"
993,"TCP",33616450,1592,5366,8.148576606,"Windows (Desktops)",105,47.2,8.2734733,0,"Linux (2.6.3)",">8192","Suspected Proxy/VPN",NA,"No"
443,"TCP",9301497,2247,7669,8.294690193,"Windows (Desktops)",34,374.8,41.64182325,53,"MacOS (Unknown)","4096-8192","Suspected Proxy/VPN",NA,"Yes"
443,"TCP",8755825,3167,16606,10.91139511,"MacOS (All)",114,208.2,34.29337846,37,"MacOS (Unknown)","","Standard ISP",NA,"No"
443,"TCP",21851489,1743,9339,6.46417195,"MacOS (All)",28,292.2,16.42402522,87,"Windows 10","","Suspected Proxy/VPN",NA,"Yes"
993,"TCP",27131209,1745,8698,9.500234259,"Windows (Desktops)",82,40,15.18406131,0,"Windows Server 2008",">8192","Suspected Proxy/VPN",NA,"No"
443,"TCP",12065526,2762,9743,8.609501476,"Windows (Desktops)",161,306,10.41083843,30,"MacOS (Unknown)",">8192","Standard ISP",NA,"Yes"
993,"TCP",35930429,3849,9063,7.367279037,"MacOS (All)",136,43.2,6.750222009,0,"MacOS (Unknown)","4096-8192","IPv6 (Unknown)",NA,"No"
25,"TCP",14113443,3172,15623,9.615021672,"Windows (Desktops)",5,30.8,5.77966577,0,"Linux (2.6.3)","","Standard ISP",NA,"No"
443,"TCP",18342389,1798,6448,7.569503772,"Windows (Desktops)",6,53.2,7.489599577,78,"MacOS (Unknown)","4096-8192","Suspected Proxy/VPN",NA,"Yes"
80,"TCP",20368815,3111,11283,11.07932065,"Windows (Desktops)",31,224,7.55260004,72,"MacOS (Unknown)","","Standard ISP",NA,"Yes"
25,"TCP",1683681,2715,9689,9.774304403,"MacOS (All)",-1,99999,2.298955964,0,"MacOS (Unknown)",">8192","Standard ISP",NA,"No"
80,"TCP",11400293,1706,8546,5.307466246,"MacOS (All)",125,50.8,2.808775103,38,"Windows 10","","Suspected Proxy/VPN",2.713183491,"Yes"
443,"TCP",3257287,3949,21816,10.1478521,"MacOS (All)",35,418.2,67.15919499,59,"Linux (2.6.3)",">8192","Standard ISP",NA,"No"
25,"TCP",2030433,2543,7454,9.691085665,"Windows (Desktops)",121,74.6,5.848179826,0,"MacOS (Unknown)",">8192","Standard ISP",NA,"No"
NA,"TCP",447516,2630,9797,8.921120028,"Windows (Desktops)",38,22.4,4.776508898,0,"MacOS (Unknown)","","Suspected Proxy/VPN",NA,"No"
443,"TCP",26782155,2652,8737,12.46680167,"Windows (Desktops)",162,239,7.706076982,18,"MacOS (Unknown)","","Standard ISP",NA,"Yes"
25,"TCP",2437746,3164,12544,10.11795069,"MacOS (All)",-1,99999,63.66658969,0,"Windows 10",">8192","Standard ISP",NA,"No"
443,"TCP",14677134,3567,19294,10.51497412,"MacOS (All)",94,213.4,18.56203203,63,"Windows Server 2008","","Standard ISP",NA,"Yes"
443,"TCP",18489995,3942,20411,13.46014234,"Windows (Desktops)",106,374.4,73.63287348,67,"Windows 10","4096-8192","Standard ISP",NA,"Yes"
80,"TCP",11471431,3136,17651,8.866125828,"MacOS (All)",46,0.8,1.410925965,25,"MacOS (Unknown)","","Standard ISP",-1.122517578,"Yes"
443,"TCP",6427407,2895,8430,7.94962195,"Windows (Desktops)",72,336,61.5942116,63,"MacOS (Unknown)","","Standard ISP",NA,"No"
443,"TCP",14373694,3785,17266,11.90720562,"Windows (Desktops)",28,3.8,1.885039729,68,"Linux (2.6.3)","4096-8192","Standard ISP",NA,"Yes"
443,"TCP",10919192,2535,15132,11.80818515,"Windows (Desktops)",51,259.2,26.93942464,57,"Windows 10","","Standard ISP",NA,"No"
25,"TCP",5115509,2330,8931,10.13471816,"MacOS (All)",140,114.8,2.334919945,0,"Linux (>4.0)",">8192","Standard ISP",NA,"No"
80,"TCP",18608647,2343,10084,7.187858023,"Windows (Desktops)",230,59.4,7.255135056,16,"Windows 10","","Suspected Proxy/VPN",NA,"Yes"
25,"TCP",10515547,2745,10553,9.8691111,"Windows (Desktops)",42,64,26.72342326,0,"???",">8192","Standard ISP",NA,"No"
443,"TCP",861086,3442,17053,11.26169767,"Windows (Desktops)",42,48.8,1.593300001,55,"MacOS (Unknown)","","Standard ISP",NA,"No"
25,"TCP",3702271,3151,16373,10.62130605,"Windows (Desktops)",78,4.8,1.536660575,0,"Linux (2.6.3)",">8192","Standard ISP",NA,"No"
443,"TCP",16160699,2257,11255,8.578377169,"Windows (Desktops)",41,335.6,26.85117463,1,"Linux (>4.0)",">8192","Suspected Proxy/VPN",NA,"Yes"
443,"TCP",22301296,3546,15367,12.49578223,"Windows (Desktops)",5,15.6,3.76927563,70,"Windows 10","","Standard ISP",NA,"Yes"
25,"TCP",18718309,3300,13574,9.321694093,"Windows (Desktops)",18,214.6,64.43132823,0,"Windows 10","","Standard ISP",-1.207778469,"No"
80,"TCP",26078528,2805,10639,10.52366367,"MacOS (All)",142,600,54.35091806,69,"Linux (2.6.3)",">8192","Standard ISP",0.482345483,"Yes"
25,"TCP",19203347,2183,11975,8.634536284,"Windows (Desktops)",62,368.4,37.708328,0,"Linux (2.6.3)","","Suspected Proxy/VPN",NA,"No"
993,"UDP",13638990,1780,8879,9.975676571,"Windows (Desktops)",51,65.4,20.50176308,0,"Windows 10","","Suspected Proxy/VPN",NA,"No"
25,"TCP",4768551,4080,13512,13.6079938,"Windows (Desktops)",-1,99999,13.45154229,0,"MacOS (Unknown)",">8192","IPv6 (Unknown)",-2.965485254,"Yes"
80,"TCP",9054573,3133,14801,8.697733124,"MacOS (All)",10,366.2,17.99512629,35,"MacOS (Unknown)","4096-8192","Standard ISP",NA,"Yes"
443,"TCP",10636167,2940,12767,7.910350182,"MacOS (All)",10,295.4,17.4653099,9,"Windows 10","4096-8192","Standard ISP",-1.415444392,"No"
443,"TCP",42686058,2248,5469,11.71287044,"MacOS (All)",1,124.2,25.9798094,34,"Windows 10","","IPv6 (Unknown)",NA,"Yes"
993,"UDP",17639064,1476,3828,8.973848592,"Windows (Desktops)",188,137.4,48.42396425,0,"Linux (2.6.3)",">8192","Suspected Proxy/VPN",NA,"No"
443,"TCP",6168662,4850,18970,11.8497814,"Windows (Desktops)",83,371.6,44.49973719,49,"Linux (2.6.3)","4096-8192","Standard ISP",NA,"Yes"
80,"TCP",5898103,2829,14013,7.351418983,"MacOS (All)",139,230.6,26.87615587,52,"Linux (>4.0)","","Suspected Proxy/VPN",1.07108274,"Yes"
80,"TCP",1933413,3296,7958,7.679060431,"MacOS (All)",273,0,1.4,41,"MacOS (Unknown)","4096-8192","Standard ISP",NA,"Yes"
80,"UDP",7580488,3803,15539,7.693748526,"MacOS (All)",89,60.4,16.40995005,19,"MacOS (Unknown)",">8192","Standard ISP",NA,"No"
80,"TCP",18338406,3030,10975,10.51653258,"MacOS (All)",45,86.8,5.474668012,22,"Linux (2.6.3)","","Standard ISP",NA,"Yes"
443,"TCP",6875514,2961,11194,10.51040686,"Windows (Desktops)",110,370.4,43.4711984,55,"Windows 10","","Standard ISP",NA,"Yes"
80,"TCP",14099644,2095,9010,6.061837576,"Windows (Desktops)",3,203,5.652904341,54,"Linux (>4.0)",">8192","Suspected Proxy/VPN",NA,"Yes"
80,"TCP",7867196,4083,16198,7.26224149,"MacOS (All)",104,159,11.89261776,38,"Windows 10",">8192","Standard ISP",-2.706962065,"Yes"
993,"TCP",12931970,2287,6564,8.918733655,"MacOS (All)",16,558.8,121.2914872,0,"Linux (2.6.3)","","Standard ISP",NA,"No"
443,"TCP",10243871,4448,12462,9.659612273,"Windows (Desktops)",36,27.2,2.459023444,26,"Linux (>4.0)",">8192","Standard ISP",NA,"Yes"
80,"TCP",27181220,1822,9098,5.088235154,"Windows (Desktops)",66,99.8,6.063114733,17,"MacOS (Unknown)","","Suspected Proxy/VPN",NA,"Yes"
25,"TCP",16506796,2388,12066,11.85747845,"MacOS (All)",132,83.6,16.85928831,0,"MacOS (Unknown)",">8192","Standard ISP",NA,"No"
443,"TCP",672943,4797,26018,11.16165979,"MacOS (All)",98,70,13.49716496,30,"Windows 10","","Standard ISP",NA,"Yes"
80,"TCP",38341955,5314,19225,6.250076669,"MacOS (All)",9,285,44.55756726,63,"Linux (2.6.3)","","Standard ISP",NA,"Yes"
443,"TCP",23130290,2811,12392,7.795032586,"Windows (Desktops)",36,299.2,55.17318695,51,"Windows 10",">8192","Suspected Proxy/VPN",NA,"Yes"
25,"TCP",12652538,2439,11285,7.222432485,"MacOS (All)",62,173.2,25.26372042,0,"Linux (>4.0)",">8192","Standard ISP",NA,"Yes"
443,"TCP",12639929,2468,7880,7.397011138,"MacOS (All)",-1,99999,52.74444826,6,"Windows 10",">8192","Standard ISP",NA,"Yes"
443,"TCP",12986032,4148,22961,14.17360802,"Windows (Desktops)",81,103.4,17.83422814,26,"MacOS (Unknown)","","Standard ISP",NA,"Yes"
25,"UDP",31145300,3781,15756,15.59465726,"Windows (Desktops)",39,27.2,10.22955918,0,"Windows 10","","Standard ISP",NA,"Yes"
993,"TCP",39791755,3653,11096,6.92072222,"MacOS (All)",113,123.2,40.98232659,0,"MacOS (Unknown)","","IPv6 (Unknown)",NA,"No"
443,"TCP",2838226,3631,18834,11.0916184,"Windows (Desktops)",63,229.4,22.10034421,25,"MacOS (Unknown)",">8192","Standard ISP",NA,"Yes"
443,"TCP",2400205,3489,22684,9.639753551,"MacOS (All)",94,168.4,52.66053478,36,"Windows 10","4096-8192","Standard ISP",NA,"Yes"
993,"TCP",34523167,2022,8521,9.08815419,"Windows (Desktops)",128,96.6,4.146470339,0,"MacOS (Unknown)","","Suspected Proxy/VPN",NA,"No"
25,"TCP",18992442,3770,15136,8.659049557,"MacOS (All)",15,16.6,1.499709261,0,"Windows 10",">8192","IPv6 (Unknown)",NA,"No"
443,"UDP",26538277,4033,15337,14.57402262,"Windows (Desktops)",14,169.2,52.50356171,80,"Linux (2.6.3)",">8192","Standard ISP",NA,"Yes"
993,"UDP",4029834,2406,6473,11.03822377,"Windows (Desktops)",109,258,113.001394,0,"MacOS (Unknown)","","Standard ISP",NA,"No"
443,"TCP",9904205,2787,12477,7.974962286,"MacOS (All)",179,211.6,9.129444981,56,"Linux (>4.0)","","Standard ISP",-2.113854518,"No"
443,"TCP",11562165,3392,18757,10.80763156,"MacOS (All)",8,253.8,16.18510026,72,"Windows 10","","Standard ISP",NA,"No"
25,"TCP",301367,3239,9675,10.99551724,"Windows (Desktops)",86,509,19.74605339,0,"MacOS (Unknown)","","Standard ISP",-0.796785781,"No"
443,"TCP",19446662,3530,16641,12.20436338,"MacOS (All)",19,74.8,13.31265853,83,"Linux (>4.0)","4096-8192","Standard ISP",NA,"Yes"
993,"TCP",15267099,1580,7403,9.340619739,"MacOS (All)",26,165.2,13.76897446,0,"MacOS (Unknown)","4096-8192","Suspected Proxy/VPN",NA,"No"
993,"UDP",4433366,2617,9374,11.3118899,"MacOS (All)",34,45.6,16.46955292,0,"MacOS (Unknown)",">8192","Standard ISP",NA,"No"
443,"TCP",10752897,3908,19030,13.36209272,"Windows (Desktops)",52,86.6,10.29973996,37,"MacOS (Unknown)","1024-4096","Standard ISP",NA,"Yes"
25,"TCP",16715448,2009,7769,8.658158163,"Windows (Desktops)",192,154.2,9.189972117,0,"Windows 10",">8192","Suspected Proxy/VPN",NA,"No"
443,"TCP",9671306,3243,14676,9.767003508,"Windows (Desktops)",242,271,68.36870167,69,"Windows 10","","Standard ISP",NA,"Yes"
443,"UDP",38115202,3549,17957,15.46731025,"Windows (Desktops)",77,148.2,48.50877981,17,"MacOS (Unknown)","","Standard ISP",NA,"Yes"
80,"TCP",1343974,3423,19307,9.072650179,"Windows (Desktops)",79,43.8,2.151195113,72,"Windows 10","4096-8192","Standard ISP",0.182827187,"Yes"
80,"TCP",19848646,2415,7104,6.727280633,"Windows (Desktops)",250,186.2,24.26328156,37,"MacOS (Unknown)",">8192","Suspected Proxy/VPN",NA,"Yes"
443,"UDP",23559864,3211,16841,12.65834792,"Windows (Desktops)",19,69.4,22.32167653,2,"MacOS (Unknown)","","Standard ISP",NA,"No"
443,"TCP",9360187,3599,18267,10.09553925,"Windows (Desktops)",25,11.4,3.497231146,0,"Linux (2.6.3)","4096-8192","Standard ISP",NA,"No"
NA,"TCP",13631197,2390,7190,6.800144741,"Windows (Desktops)",64,203.4,8.033574342,0,"Linux (2.6.3)","4096-8192","Suspected Proxy/VPN",NA,"Yes"
443,"TCP",7292344,3979,20189,10.35450346,"MacOS (All)",30,97.2,10.150462,21,"Windows 10",">8192","Standard ISP",NA,"Yes"
993,"TCP",4754138,2372,8485,11.28571196,"MacOS (All)",68,228.6,15.26608241,0,"MacOS (Unknown)",">8192","Standard ISP",NA,"No"
993,"TCP",43441783,3314,10930,8.628508171,"Windows (Desktops)",2,269,25.84394221,0,"Linux (>4.0)","4096-8192","Standard ISP",-0.807181451,"No"
25,"UDP",6969552,3213,14309,9.949683943,"MacOS (All)",36,157.8,56.93833213,0,"MacOS (Unknown)","","IPv6 (Unknown)",NA,"No"
993,"TCP",2389507,2403,8768,10.47758128,"MacOS (All)",56,470,49.30563385,0,"Linux (>4.0)","4096-8192","Standard ISP",-0.35665297,"No"
443,"TCP",29982611,3524,18048,13.3741194,"Windows (Desktops)",55,16.2,5.220392221,15,"Windows 10",">8192","Standard ISP",NA,"Yes"
80,"TCP",15661418,3451,20519,11.52350172,"Windows (Desktops)",95,180.2,11.15929754,48,"Windows 10",">8192","Standard ISP",NA,"Yes"
993,"TCP",1990394,2804,9045,10.31119395,"MacOS (All)",183,177,23.15934018,0,"Windows 10",">8192","Standard ISP",-1.092553726,"No"
993,"TCP",7421140,1637,7982,10.92587245,"MacOS (All)",105,503,50.35173231,0,"Linux (2.6.3)",">8192","Standard ISP",NA,"No"
443,"TCP",21979634,3784,12759,13.87048355,"Windows (Desktops)",68,79.6,18.0379492,14,"Windows 10",">8192","Standard ISP",NA,"Yes"
993,"TCP",2306602,2674,9350,12.75116361,"Windows (Desktops)",13,99.4,27.94741442,0,"Linux (>4.0)",">8192","Standard ISP",NA,"No"
443,"TCP",9330436,4119,19015,13.02640912,"Windows (Desktops)",36,196.4,26.80046058,87,"Windows 10","","Standard ISP",NA,"Yes"
80,"TCP",7055573,3828,13293,8.150237986,"MacOS (All)",91,195.4,16.11102618,59,"MacOS (Unknown)",">8192","Standard ISP",-1.676022681,"Yes"
443,"TCP",6592827,4319,21294,11.69371602,"Windows (Desktops)",144,94,13.34145391,21,"Linux (>4.0)","4096-8192","Standard ISP",-1.608788416,"Yes"
443,"TCP",14455999,3646,19050,13.12798092,"Windows (Desktops)",27,343.4,31.83434515,42,"Linux (2.6.3)",">8192","Standard ISP",-0.369164015,"Yes"
993,"TCP",1915548,2499,12364,10.27256685,"MacOS (All)",123,58.2,2.490452456,0,"Windows 10",">8192","Standard ISP",NA,"No"
25,"TCP",2679604,2183,10612,9.424502346,"MacOS (All)",29,157.8,17.25994481,0,"Windows 10",">8192","Standard ISP",NA,"No"
80,"TCP",1647211,3738,12310,9.802215872,"MacOS (All)",160,31.6,1.520733339,82,"Windows 10","","Standard ISP",-0.364160328,"Yes"
443,"TCP",11456311,2673,14255,9.366435623,"Windows (Desktops)",177,72.8,2.256408347,61,"Windows 10","","Suspected Proxy/VPN",NA,"Yes"
443,"TCP",4096801,3259,14748,11.13616755,"Windows (Desktops)",128,22,1.52176559,34,"Linux (2.6.3)","4096-8192","Standard ISP",0.227205996,"No"
443,"TCP",8460125,2003,7435,10.08263496,"MacOS (All)",163,331.8,113.2620679,36,"Linux (>4.0)",">8192","Standard ISP",NA,"No"
25,"TCP",17971816,2708,13743,8.269458051,"MacOS (All)",-1,99999,32.70974915,0,"Linux (2.6.3)",">8192","Standard ISP",NA,"Yes"
25,"TCP",2547637,2916,14276,10.69830846,"MacOS (All)",29,196.8,11.03364994,0,"MacOS (Unknown)","4096-8192","Standard ISP",-0.070462672,"No"
443,"TCP",17193784,3477,7805,9.581378734,"Windows (Desktops)",70,218.2,60.9429056,97,"MacOS (Unknown)","4096-8192","Standard ISP",NA,"No"
25,"TCP",9676331,3057,15321,10.67332832,"Windows (Desktops)",2,34.4,7.763626599,0,"MacOS (Unknown)",">8192","Standard ISP",NA,"No"
443,"TCP",7434351,4758,22214,11.60707192,"Windows (Desktops)",180,82,7.981121145,44,"MacOS (Unknown)",">8192","Standard ISP",NA,"Yes"
993,"TCP",8518998,2389,9501,10.035046,"MacOS (All)",51,129.4,28.46962295,0,"Windows 10","","Standard ISP",NA,"No"
80,"TCP",9174278,2442,9430,7.839235736,"Windows (Desktops)",93,121.8,7.010867733,41,"Linux (>4.0)",">8192","Suspected Proxy/VPN",1.988865764,"Yes"
25,"TCP",11777957,2999,16089,8.812655742,"Windows (Desktops)",137,51.2,12.3762317,0,"Linux (>4.0)","","Standard ISP",NA,"No"
25,"TCP",6615388,2643,12199,12.46972804,"MacOS (All)",15,0.2,1.412264214,0,"Windows 10",">8192","Standard ISP",NA,"No"
80,"TCP",21090632,1590,6976,5.092353914,"Windows (Desktops)",63,292.2,24.2082924,17,"MacOS (Unknown)","","Suspected Proxy/VPN",NA,"Yes"
25,"TCP",1921067,2762,9367,9.872722391,"Windows (Desktops)",119,125,15.85636577,0,"Windows 10",">8192","Standard ISP",NA,"No"
25,"TCP",17522430,2924,11041,9.901513119,"Windows (Desktops)",57,203,33.65947093,0,"Linux (>4.0)",">8192","Standard ISP",NA,"No"
25,"TCP",11869449,2201,12184,8.747781342,"Windows (Desktops)",214,201,28.30788087,0,"MacOS (Unknown)","4096-8192","Standard ISP",NA,"Yes"
443,"TCP",12352549,3247,13837,9.186220786,"Windows (Desktops)",83,109.2,22.23593057,118,"Linux (2.6.3)","","Standard ISP",NA,"Yes"
993,"TCP",19799359,2903,11998,8.90397653,"MacOS (All)",18,18.4,5.663249822,0,"Linux (>4.0)","","Standard ISP",NA,"No"
25,"TCP",19805611,3417,16277,9.005383984,"MacOS (All)",61,18,3.313022833,0,"MacOS (Unknown)","4096-8192","Standard ISP",-2.846804721,"No"
443,"TCP",3364106,2566,13500,8.759449122,"Windows (Desktops)",182,125.4,4.118719396,34,"Windows 10","4096-8192","Standard ISP",NA,"No"
NA,"TCP",285240,2163,11903,6.023902265,"Windows (Desktops)",77,86,18.75285132,0,"Windows 10",">8192","Suspected Proxy/VPN",2.776809568,"Yes"
443,"TCP",7037568,3177,16150,10.81567193,"MacOS (All)",66,1.4,1.53550326,10,"MacOS (Unknown)","4096-8192","Standard ISP",NA,"No"
443,"TCP",16829579,1446,7095,6.75674793,"Windows (Desktops)",281,142.6,26.92445259,0,"Windows 10","","Suspected Proxy/VPN",NA,"Yes"
993,"TCP",28285171,2391,7857,9.080834159,"Windows (Desktops)",88,60.8,8.969619696,0,"Windows 10",">8192","Standard ISP",NA,"No"
